[{"model": "geo.building", "pk": 1, "fields": {"name": "MED CAMPUS TEST", "outline": null, "campusonline": null}}, {"model": "geo.floor", "pk": 1, "fields": {"order": 1, "name": "OG3", "building": 1, "campusonline": null}}, {"model": "geo.floor", "pk": 2, "fields": {"order": 5, "name": "UG1", "building": 1, "campusonline": null}}, {"model": "geo.floor", "pk": 3, "fields": {"order": 4, "name": "EG", "building": 1, "campusonline": null}}, {"model": "geo.floor", "pk": 4, "fields": {"order": 3, "name": "OG1", "building": 1, "campusonline": null}}, {"model": "geo.floor", "pk": 5, "fields": {"order": 2, "name": "OG2", "building": 1, "campusonline": null}}, {"model": "geo.node", "pk": 1, "fields": {"polymorphic_ctype": ["geo", "room"], "floor": 1, "center": "SRID=3857;POINT (1722198.711018092 5955261.125572886)"}}, {"model": "geo.node", "pk": 2, "fields": {"polymorphic_ctype": ["geo", "room"], "floor": 1, "center": "SRID=3857;POINT (1722179.002997189 5955230.595548892)"}}, {"model": "geo.node", "pk": 4, "fields": {"polymorphic_ctype": ["geo", "room"], "floor": 1, "center": "SRID=3857;POINT (1722195.516097772 5955251.272362209)"}}, {"model": "geo.node", "pk": 5, "fields": {"polymorphic_ctype": ["geo", "room"], "floor": 1, "center": "SRID=3857;POINT (1722193.42607634 5955247.22284191)"}}, {"model": "geo.node", "pk": 6, "fields": {"polymorphic_ctype": ["geo", "room"], "floor": 1, "center": "SRID=3857;POINT (1722191.821471418 5955242.352220724)"}}, {"model": "geo.node", "pk": 150, "fields": {"polymorphic_ctype": ["geo", "node"], "floor": 1, "center": "SRID=3857;POINT (1722192.492863249 5955243.69034041)"}}, {"model": "geo.node", "pk": 151, "fields": {"polymorphic_ctype": ["geo", "node"], "floor": 1, "center": "SRID=3857;POINT (1722186.851539692 5955246.615286415)"}}, {"model": "geo.node", "pk": 152, "fields": {"polymorphic_ctype": ["geo", "node"], "floor": 1, "center": "SRID=3857;POINT (1722188.395057102 5955249.747661787)"}}, {"model": "geo.node", "pk": 153, "fields": {"polymorphic_ctype": ["geo", "node"], "floor": 1, "center": "SRID=3857;POINT (1722190.450938046 5955253.779275086)"}}, {"model": "geo.node", "pk": 154, "fields": {"polymorphic_ctype": ["geo", "node"], "floor": 1, "center": "SRID=3857;POINT (1722195.142779757 5955262.975547668)"}}, {"model": "geo.node", "pk": 155, "fields": {"polymorphic_ctype": ["geo", "node"], "floor": 1, "center": "SRID=3857;POINT (1722192.530186016 5955257.825005721)"}}, {"model": "geo.node", "pk": 156, "fields": {"polymorphic_ctype": ["geo", "node"], "floor": 1, "center": "SRID=3857;POINT (1722197.427758873 5955255.44614174)"}}, {"model": "geo.node", "pk": 158, "fields": {"polymorphic_ctype": ["geo", "node"], "floor": 1, "center": "SRID=3857;POINT (1722183.991271639 5955240.740331233)"}}, {"model": "geo.node", "pk": 159, "fields": {"polymorphic_ctype": ["geo", "node"], "floor": 1, "center": "SRID=3857;POINT (1722177.168621834 5955235.830294122)"}}, {"model": "geo.node", "pk": 160, "fields": {"polymorphic_ctype": ["geo", "node"], "floor": 1, "center": "SRID=3857;POINT (1722164.615561427 5955242.450842024)"}}, {"model": "geo.node", "pk": 164, "fields": {"polymorphic_ctype": ["geo", "node"], "floor": 1, "center": "SRID=3857;POINT (1722180.66859497 5955233.990176255)"}}, {"model": "geo.node", "pk": 165, "fields": {"polymorphic_ctype": ["geo", "node"], "floor": 1, "center": "SRID=3857;POINT (1722189.441612728 5955238.054509883)"}}, {"model": "geo.node", "pk": 167, "fields": {"polymorphic_ctype": ["geo", "node"], "floor": 1, "center": "SRID=3857;POINT (1722188.27819616 5955234.392678752)"}}, {"model": "geo.node", "pk": 168, "fields": {"polymorphic_ctype": ["geo", "node"], "floor": 1, "center": "SRID=3857;POINT (1722187.158513128 5955232.078667154)"}}, {"model": "geo.node", "pk": 169, "fields": {"polymorphic_ctype": ["geo", "node"], "floor": 1, "center": "SRID=3857;POINT (1722182.501022144 5955237.448098587)"}}, {"model": "geo.node", "pk": 170, "fields": {"polymorphic_ctype": ["geo", "node"], "floor": 1, "center": "SRID=3857;POINT (1722177.553489558 5955227.734205436)"}}, {"model": "geo.node", "pk": 171, "fields": {"polymorphic_ctype": ["geo", "node"], "floor": 1, "center": "SRID=3857;POINT (1722183.178215578 5955224.763404682)"}}, {"model": "geo.node", "pk": 172, "fields": {"polymorphic_ctype": ["geo", "node"], "floor": 1, "center": "SRID=3857;POINT (1722184.650470429 5955227.727056229)"}}, {"model": "geo.node", "pk": 174, "fields": {"polymorphic_ctype": ["geo", "node"], "floor": 1, "center": "SRID=3857;POINT (1722175.705214511 5955264.542895994)"}}, {"model": "geo.node", "pk": 175, "fields": {"polymorphic_ctype": ["geo", "node"], "floor": 1, "center": "SRID=3857;POINT (1722191.741796295 5955256.390941835)"}}, {"model": "geo.node", "pk": 176, "fields": {"polymorphic_ctype": ["geo", "node"], "floor": 1, "center": "SRID=3857;POINT (1722148.72173584 5955210.835688203)"}}, {"model": "geo.node", "pk": 177, "fields": {"polymorphic_ctype": ["geo", "node"], "floor": 1, "center": "SRID=3857;POINT (1722164.845171494 5955202.624679305)"}}, {"model": "geo.node", "pk": 181, "fields": {"polymorphic_ctype": ["geo", "room"], "floor": 3, "center": "SRID=3857;POINT (1722198.711018092 5955261.125572886)"}}, {"model": "geo.node", "pk": 182, "fields": {"polymorphic_ctype": ["geo", "room"], "floor": 3, "center": "SRID=3857;POINT (1722179.002997189 5955230.595548892)"}}, {"model": "geo.node", "pk": 183, "fields": {"polymorphic_ctype": ["geo", "room"], "floor": 3, "center": "SRID=3857;POINT (1722195.516097772 5955251.272362209)"}}, {"model": "geo.node", "pk": 184, "fields": {"polymorphic_ctype": ["geo", "room"], "floor": 3, "center": "SRID=3857;POINT (1722193.42607634 5955247.22284191)"}}, {"model": "geo.node", "pk": 185, "fields": {"polymorphic_ctype": ["geo", "room"], "floor": 3, "center": "SRID=3857;POINT (1722191.821471418 5955242.352220724)"}}, {"model": "geo.node", "pk": 195, "fields": {"polymorphic_ctype": ["geo", "node"], "floor": 3, "center": "SRID=3857;POINT (1722214.37478477 5955232.227777805)"}}, {"model": "geo.node", "pk": 196, "fields": {"polymorphic_ctype": ["geo", "node"], "floor": 3, "center": "SRID=3857;POINT (1722208.523934908 5955219.898990821)"}}, {"model": "geo.node", "pk": 204, "fields": {"polymorphic_ctype": ["geo", "node"], "floor": 3, "center": "SRID=3857;POINT (1722156.683304839 5955284.529296448)"}}, {"model": "geo.node", "pk": 205, "fields": {"polymorphic_ctype": ["geo", "node"], "floor": 3, "center": "SRID=3857;POINT (1722178.479801186 5955273.929630416)"}}, {"model": "geo.node", "pk": 206, "fields": {"polymorphic_ctype": ["geo", "node"], "floor": 3, "center": "SRID=3857;POINT (1722172.956031564 5955262.882091172)"}}, {"model": "geo.node", "pk": 207, "fields": {"polymorphic_ctype": ["geo", "node"], "floor": 3, "center": "SRID=3857;POINT (1722185.645772588 5955267.65940544)"}}, {"model": "geo.node", "pk": 208, "fields": {"polymorphic_ctype": ["geo", "node"], "floor": 3, "center": "SRID=3857;POINT (1722183.704988667 5955263.180673314)"}}, {"model": "geo.node", "pk": 209, "fields": {"polymorphic_ctype": ["geo", "node"], "floor": 3, "center": "SRID=3857;POINT (1722175.344688698 5955267.65940544)"}}, {"model": "geo.node", "pk": 210, "fields": {"polymorphic_ctype": ["geo", "node"], "floor": 3, "center": "SRID=3857;POINT (1722153.846774493 5955278.856235756)"}}, {"model": "geo.node", "pk": 211, "fields": {"polymorphic_ctype": ["geo", "node"], "floor": 3, "center": "SRID=3857;POINT (1722171.557094901 5955201.589776576)"}}, {"model": "geo.node", "pk": 212, "fields": {"polymorphic_ctype": ["geo", "node"], "floor": 3, "center": "SRID=3857;POINT (1722165.628257906 5955205.004556331)"}}, {"model": "geo.node", "pk": 213, "fields": {"polymorphic_ctype": ["geo", "node"], "floor": 3, "center": "SRID=3857;POINT (1722151.14702403 5955273.678448928)"}}, {"model": "geo.node", "pk": 214, "fields": {"polymorphic_ctype": ["geo", "node"], "floor": 3, "center": "SRID=3857;POINT (1722154.15770083 5955225.319212379)"}}, {"model": "geo.node", "pk": 215, "fields": {"polymorphic_ctype": ["geo", "node"], "floor": 3, "center": "SRID=3857;POINT (1722171.47546505 5955216.511039197)"}}, {"model": "geo.node", "pk": 216, "fields": {"polymorphic_ctype": ["geo", "node"], "floor": 3, "center": "SRID=3857;POINT (1722133.926224038 5955180.163889511)"}}, {"model": "geo.node", "pk": 217, "fields": {"polymorphic_ctype": ["geo", "node"], "floor": 3, "center": "SRID=3857;POINT (1722109.741070557 5955192.405757323)"}}, {"model": "geo.node", "pk": 218, "fields": {"polymorphic_ctype": ["geo", "node"], "floor": 3, "center": "SRID=3857;POINT (1722093.020470619 5955157.173064597)"}}, {"model": "geo.node", "pk": 219, "fields": {"polymorphic_ctype": ["geo", "node"], "floor": 3, "center": "SRID=3857;POINT (1722144.379521436 5955257.601918593)"}}, {"model": "geo.node", "pk": 220, "fields": {"polymorphic_ctype": ["geo", "node"], "floor": 3, "center": "SRID=3857;POINT (1722124.106119052 5955268.11687217)"}}, {"model": "geo.node", "pk": 221, "fields": {"polymorphic_ctype": ["geo", "node"], "floor": 3, "center": "SRID=3857;POINT (1722078.990032395 5955176.984740323)"}}, {"model": "geo.node", "pk": 222, "fields": {"polymorphic_ctype": ["geo", "node"], "floor": 3, "center": "SRID=3857;POINT (1722054.382076222 5955192.253781009)"}}, {"model": "geo.node", "pk": 223, "fields": {"polymorphic_ctype": ["geo", "node"], "floor": 3, "center": "SRID=3857;POINT (1722048.534653937 5955182.060636733)"}}, {"model": "geo.node", "pk": 224, "fields": {"polymorphic_ctype": ["geo", "node"], "floor": 3, "center": "SRID=3857;POINT (1722055.576404789 5955177.772547134)"}}, {"model": "geo.node", "pk": 225, "fields": {"polymorphic_ctype": ["geo", "node"], "floor": 3, "center": "SRID=3857;POINT (1722061.373686032 5955188.032279568)"}}, {"model": "geo.node", "pk": 226, "fields": {"polymorphic_ctype": ["geo", "node"], "floor": 3, "center": "SRID=3857;POINT (1722042.207220081 5955155.110307727)"}}, {"model": "geo.node", "pk": 227, "fields": {"polymorphic_ctype": ["geo", "node"], "floor": 3, "center": "SRID=3857;POINT (1722011.881805674 5955170.38664051)"}}, {"model": "geo.node", "pk": 228, "fields": {"polymorphic_ctype": ["geo", "node"], "floor": 3, "center": "SRID=3857;POINT (1722074.439819667 5955167.341816653)"}}, {"model": "geo.node", "pk": 230, "fields": {"polymorphic_ctype": ["geo", "node"], "floor": 1, "center": "SRID=3857;POINT (1722179.512830369 5955272.166741678)"}}, {"model": "geo.edge", "pk": 184, "fields": {"source": 150, "destination": 151, "one_way": false, "accessible": false, "weight": 1, "path": "SRID=3857;LINESTRING (1722192.492863249 5955243.69034041, 1722186.851539692 5955246.615286415)", "door": null}}, {"model": "geo.edge", "pk": 185, "fields": {"source": 151, "destination": 152, "one_way": false, "accessible": false, "weight": 1, "path": "SRID=3857;LINESTRING (1722186.851539692 5955246.615286415, 1722188.395057102 5955249.747661787)", "door": null}}, {"model": "geo.edge", "pk": 186, "fields": {"source": 152, "destination": 5, "one_way": false, "accessible": false, "weight": 1, "path": "SRID=3857;LINESTRING (1722188.395057102 5955249.747661787, 1722193.42607634 5955247.22284191)", "door": null}}, {"model": "geo.edge", "pk": 187, "fields": {"source": 152, "destination": 153, "one_way": false, "accessible": false, "weight": 1, "path": "SRID=3857;LINESTRING (1722188.395057102 5955249.747661787, 1722190.450938046 5955253.779275086)", "door": null}}, {"model": "geo.edge", "pk": 188, "fields": {"source": 153, "destination": 4, "one_way": false, "accessible": false, "weight": 1, "path": "SRID=3857;LINESTRING (1722190.450938046 5955253.779275086, 1722195.516097772 5955251.272362209)", "door": null}}, {"model": "geo.edge", "pk": 192, "fields": {"source": 155, "destination": 156, "one_way": false, "accessible": false, "weight": 1, "path": "SRID=3857;LINESTRING (1722192.530186016 5955257.825005721, 1722197.427758873 5955255.44614174)", "door": null}}, {"model": "geo.edge", "pk": 193, "fields": {"source": 155, "destination": 154, "one_way": false, "accessible": false, "weight": 1, "path": "SRID=3857;LINESTRING (1722192.530186016 5955257.825005721, 1722195.142779757 5955262.975547668)", "door": null}}, {"model": "geo.edge", "pk": 198, "fields": {"source": 151, "destination": 158, "one_way": false, "accessible": false, "weight": 1, "path": "SRID=3857;LINESTRING (1722186.851539692 5955246.615286415, 1722183.991271639 5955240.740331233)", "door": null}}, {"model": "geo.edge", "pk": 205, "fields": {"source": 159, "destination": 164, "one_way": false, "accessible": false, "weight": 1, "path": "SRID=3857;LINESTRING (1722177.168621834 5955235.830294122, 1722180.66859497 5955233.990176255)", "door": null}}, {"model": "geo.edge", "pk": 206, "fields": {"source": 2, "destination": 164, "one_way": false, "accessible": false, "weight": 1, "path": "SRID=3857;LINESTRING (1722179.002997189 5955230.595548892, 1722180.66859497 5955233.990176255)", "door": null}}, {"model": "geo.edge", "pk": 208, "fields": {"source": 150, "destination": 6, "one_way": false, "accessible": false, "weight": 1, "path": "SRID=3857;LINESTRING (1722192.492863249 5955243.69034041, 1722191.821471418 5955242.352220724)", "door": null}}, {"model": "geo.edge", "pk": 209, "fields": {"source": 158, "destination": 165, "one_way": false, "accessible": false, "weight": 1, "path": "SRID=3857;LINESTRING (1722183.991271639 5955240.740331233, 1722189.441612728 5955238.054509883)", "door": null}}, {"model": "geo.edge", "pk": 212, "fields": {"source": 167, "destination": 168, "one_way": false, "accessible": false, "weight": 1, "path": "SRID=3857;LINESTRING (1722188.27819616 5955234.392678752, 1722187.158513128 5955232.078667154)", "door": null}}, {"model": "geo.edge", "pk": 215, "fields": {"source": 164, "destination": 169, "one_way": false, "accessible": false, "weight": 1, "path": "SRID=3857;LINESTRING (1722180.66859497 5955233.990176255, 1722182.501022144 5955237.448098587)", "door": null}}, {"model": "geo.edge", "pk": 217, "fields": {"source": 2, "destination": 170, "one_way": false, "accessible": false, "weight": 1, "path": "SRID=3857;LINESTRING (1722179.002997189 5955230.595548892, 1722177.553489558 5955227.734205436)", "door": null}}, {"model": "geo.edge", "pk": 218, "fields": {"source": 170, "destination": 171, "one_way": false, "accessible": false, "weight": 1, "path": "SRID=3857;LINESTRING (1722177.553489558 5955227.734205436, 1722183.178215578 5955224.763404682)", "door": null}}, {"model": "geo.edge", "pk": 219, "fields": {"source": 171, "destination": 172, "one_way": false, "accessible": false, "weight": 1, "path": "SRID=3857;LINESTRING (1722183.178215578 5955224.763404682, 1722184.650470429 5955227.727056229)", "door": null}}, {"model": "geo.edge", "pk": 223, "fields": {"source": 167, "destination": 169, "one_way": false, "accessible": false, "weight": 1, "path": "SRID=3857;LINESTRING (1722188.27819616 5955234.392678752, 1722182.501022144 5955237.448098587)", "door": null}}, {"model": "geo.edge", "pk": 225, "fields": {"source": 174, "destination": 175, "one_way": false, "accessible": false, "weight": 1, "path": "SRID=3857;LINESTRING (1722175.705214511 5955264.542895994, 1722191.741796295 5955256.390941835)", "door": null}}, {"model": "geo.edge", "pk": 226, "fields": {"source": 155, "destination": 175, "one_way": false, "accessible": false, "weight": 1, "path": "SRID=3857;LINESTRING (1722192.530186016 5955257.825005721, 1722191.741796295 5955256.390941835)", "door": null}}, {"model": "geo.edge", "pk": 227, "fields": {"source": 153, "destination": 175, "one_way": false, "accessible": false, "weight": 1, "path": "SRID=3857;LINESTRING (1722190.450938046 5955253.779275086, 1722191.741796295 5955256.390941835)", "door": null}}, {"model": "geo.edge", "pk": 228, "fields": {"source": 160, "destination": 176, "one_way": false, "accessible": false, "weight": 1, "path": "SRID=3857;LINESTRING (1722164.615561427 5955242.450842024, 1722148.72173584 5955210.835688203)", "door": null}}, {"model": "geo.edge", "pk": 229, "fields": {"source": 176, "destination": 177, "one_way": false, "accessible": false, "weight": 1, "path": "SRID=3857;LINESTRING (1722148.72173584 5955210.835688203, 1722164.845171494 5955202.624679305)", "door": null}}, {"model": "geo.edge", "pk": 230, "fields": {"source": 177, "destination": 170, "one_way": false, "accessible": false, "weight": 1, "path": "SRID=3857;LINESTRING (1722164.845171494 5955202.624679305, 1722177.553489558 5955227.734205436)", "door": null}}, {"model": "geo.edge", "pk": 231, "fields": {"source": 160, "destination": 174, "one_way": false, "accessible": false, "weight": 1, "path": "SRID=3857;LINESTRING (1722164.615561427 5955242.450842024, 1722175.705214511 5955264.542895994)", "door": null}}, {"model": "geo.edge", "pk": 232, "fields": {"source": 169, "destination": 158, "one_way": false, "accessible": false, "weight": 1, "path": "SRID=3857;LINESTRING (1722182.501022144 5955237.448098587, 1722183.991271639 5955240.740331233)", "door": null}}, {"model": "geo.edge", "pk": 233, "fields": {"source": 1, "destination": 154, "one_way": false, "accessible": false, "weight": 1, "path": "SRID=3857;LINESTRING (1722198.711018092 5955261.125572886, 1722195.142779757 5955262.975547668)", "door": null}}, {"model": "geo.edge", "pk": 238, "fields": {"source": 183, "destination": 184, "one_way": false, "accessible": false, "weight": 1, "path": "SRID=3857;LINESTRING (1722195.516097772 5955251.272362209, 1722193.42607634 5955247.22284191)", "door": null}}, {"model": "geo.edge", "pk": 249, "fields": {"source": 6, "destination": 185, "one_way": false, "accessible": false, "weight": 1, "path": "SRID=3857;LINESTRING (1722191.821471418 5955242.352220724, 1722191.821471418 5955242.352220724)", "door": null}}, {"model": "geo.edge", "pk": 250, "fields": {"source": 185, "destination": 184, "one_way": false, "accessible": false, "weight": 1, "path": "SRID=3857;LINESTRING (1722191.821471418 5955242.352220724, 1722193.42607634 5955247.22284191)", "door": null}}, {"model": "geo.edge", "pk": 251, "fields": {"source": 185, "destination": 195, "one_way": false, "accessible": false, "weight": 1, "path": "SRID=3857;LINESTRING (1722191.821471418 5955242.352220724, 1722214.37478477 5955232.227777805)", "door": null}}, {"model": "geo.edge", "pk": 252, "fields": {"source": 195, "destination": 196, "one_way": false, "accessible": false, "weight": 1, "path": "SRID=3857;LINESTRING (1722214.37478477 5955232.227777805, 1722208.523934908 5955219.898990821)", "door": null}}, {"model": "geo.edge", "pk": 264, "fields": {"source": 204, "destination": 205, "one_way": false, "accessible": false, "weight": 1, "path": "SRID=3857;LINESTRING (1722156.683304839 5955284.529296448, 1722178.479801186 5955273.929630416)", "door": null}}, {"model": "geo.edge", "pk": 266, "fields": {"source": 183, "destination": 206, "one_way": false, "accessible": false, "weight": 1, "path": "SRID=3857;LINESTRING (1722195.516097772 5955251.272362209, 1722172.956031564 5955262.882091172)", "door": null}}, {"model": "geo.edge", "pk": 268, "fields": {"source": 181, "destination": 207, "one_way": false, "accessible": false, "weight": 1, "path": "SRID=3857;LINESTRING (1722198.711018092 5955261.125572886, 1722185.645772588 5955267.65940544)", "door": null}}, {"model": "geo.edge", "pk": 269, "fields": {"source": 207, "destination": 208, "one_way": false, "accessible": false, "weight": 1, "path": "SRID=3857;LINESTRING (1722185.645772588 5955267.65940544, 1722183.704988667 5955263.180673314)", "door": null}}, {"model": "geo.edge", "pk": 270, "fields": {"source": 208, "destination": 209, "one_way": false, "accessible": false, "weight": 1, "path": "SRID=3857;LINESTRING (1722183.704988667 5955263.180673314, 1722175.344688698 5955267.65940544)", "door": null}}, {"model": "geo.edge", "pk": 271, "fields": {"source": 206, "destination": 209, "one_way": false, "accessible": false, "weight": 1, "path": "SRID=3857;LINESTRING (1722172.956031564 5955262.882091172, 1722175.344688698 5955267.65940544)", "door": null}}, {"model": "geo.edge", "pk": 272, "fields": {"source": 205, "destination": 209, "one_way": false, "accessible": false, "weight": 1, "path": "SRID=3857;LINESTRING (1722178.479801186 5955273.929630416, 1722175.344688698 5955267.65940544)", "door": null}}, {"model": "geo.edge", "pk": 273, "fields": {"source": 209, "destination": 210, "one_way": false, "accessible": false, "weight": 1, "path": "SRID=3857;LINESTRING (1722175.344688698 5955267.65940544, 1722153.846774493 5955278.856235756)", "door": null}}, {"model": "geo.edge", "pk": 274, "fields": {"source": 204, "destination": 210, "one_way": false, "accessible": false, "weight": 1, "path": "SRID=3857;LINESTRING (1722156.683304839 5955284.529296448, 1722153.846774493 5955278.856235756)", "door": null}}, {"model": "geo.edge", "pk": 276, "fields": {"source": 185, "destination": 211, "one_way": false, "accessible": false, "weight": 1, "path": "SRID=3857;LINESTRING (1722191.821471418 5955242.352220724, 1722171.557094901 5955201.589776576)", "door": null}}, {"model": "geo.edge", "pk": 277, "fields": {"source": 211, "destination": 212, "one_way": false, "accessible": false, "weight": 1, "path": "SRID=3857;LINESTRING (1722171.557094901 5955201.589776576, 1722165.628257906 5955205.004556331)", "door": null}}, {"model": "geo.edge", "pk": 279, "fields": {"source": 206, "destination": 213, "one_way": false, "accessible": false, "weight": 1, "path": "SRID=3857;LINESTRING (1722172.956031564 5955262.882091172, 1722151.14702403 5955273.678448928)", "door": null}}, {"model": "geo.edge", "pk": 280, "fields": {"source": 213, "destination": 210, "one_way": false, "accessible": false, "weight": 1, "path": "SRID=3857;LINESTRING (1722151.14702403 5955273.678448928, 1722153.846774493 5955278.856235756)", "door": null}}, {"model": "geo.edge", "pk": 281, "fields": {"source": 206, "destination": 214, "one_way": false, "accessible": false, "weight": 1, "path": "SRID=3857;LINESTRING (1722172.956031564 5955262.882091172, 1722154.15770083 5955225.319212379)", "door": null}}, {"model": "geo.edge", "pk": 282, "fields": {"source": 214, "destination": 215, "one_way": false, "accessible": false, "weight": 1, "path": "SRID=3857;LINESTRING (1722154.15770083 5955225.319212379, 1722171.47546505 5955216.511039197)", "door": null}}, {"model": "geo.edge", "pk": 283, "fields": {"source": 212, "destination": 215, "one_way": false, "accessible": false, "weight": 1, "path": "SRID=3857;LINESTRING (1722165.628257906 5955205.004556331, 1722171.47546505 5955216.511039197)", "door": null}}, {"model": "geo.edge", "pk": 284, "fields": {"source": 182, "destination": 215, "one_way": false, "accessible": false, "weight": 1, "path": "SRID=3857;LINESTRING (1722179.002997189 5955230.595548892, 1722171.47546505 5955216.511039197)", "door": null}}, {"model": "geo.edge", "pk": 285, "fields": {"source": 214, "destination": 216, "one_way": false, "accessible": false, "weight": 1, "path": "SRID=3857;LINESTRING (1722154.15770083 5955225.319212379, 1722133.926224038 5955180.163889511)", "door": null}}, {"model": "geo.edge", "pk": 286, "fields": {"source": 216, "destination": 217, "one_way": false, "accessible": false, "weight": 1, "path": "SRID=3857;LINESTRING (1722133.926224038 5955180.163889511, 1722109.741070557 5955192.405757323)", "door": null}}, {"model": "geo.edge", "pk": 287, "fields": {"source": 217, "destination": 218, "one_way": false, "accessible": false, "weight": 1, "path": "SRID=3857;LINESTRING (1722109.741070557 5955192.405757323, 1722093.020470619 5955157.173064597)", "door": null}}, {"model": "geo.edge", "pk": 288, "fields": {"source": 213, "destination": 219, "one_way": false, "accessible": false, "weight": 1, "path": "SRID=3857;LINESTRING (1722151.14702403 5955273.678448928, 1722144.379521436 5955257.601918593)", "door": null}}, {"model": "geo.edge", "pk": 289, "fields": {"source": 219, "destination": 220, "one_way": false, "accessible": false, "weight": 1, "path": "SRID=3857;LINESTRING (1722144.379521436 5955257.601918593, 1722124.106119052 5955268.11687217)", "door": null}}, {"model": "geo.edge", "pk": 290, "fields": {"source": 220, "destination": 221, "one_way": false, "accessible": false, "weight": 1, "path": "SRID=3857;LINESTRING (1722124.106119052 5955268.11687217, 1722078.990032395 5955176.984740323)", "door": null}}, {"model": "geo.edge", "pk": 292, "fields": {"source": 222, "destination": 223, "one_way": false, "accessible": false, "weight": 1, "path": "SRID=3857;LINESTRING (1722054.382076222 5955192.253781009, 1722048.534653937 5955182.060636733)", "door": null}}, {"model": "geo.edge", "pk": 293, "fields": {"source": 223, "destination": 224, "one_way": false, "accessible": false, "weight": 1, "path": "SRID=3857;LINESTRING (1722048.534653937 5955182.060636733, 1722055.576404789 5955177.772547134)", "door": null}}, {"model": "geo.edge", "pk": 294, "fields": {"source": 224, "destination": 225, "one_way": false, "accessible": false, "weight": 1, "path": "SRID=3857;LINESTRING (1722055.576404789 5955177.772547134, 1722061.373686032 5955188.032279568)", "door": null}}, {"model": "geo.edge", "pk": 295, "fields": {"source": 221, "destination": 225, "one_way": false, "accessible": false, "weight": 1, "path": "SRID=3857;LINESTRING (1722078.990032395 5955176.984740323, 1722061.373686032 5955188.032279568)", "door": null}}, {"model": "geo.edge", "pk": 296, "fields": {"source": 222, "destination": 225, "one_way": false, "accessible": false, "weight": 1, "path": "SRID=3857;LINESTRING (1722054.382076222 5955192.253781009, 1722061.373686032 5955188.032279568)", "door": null}}, {"model": "geo.edge", "pk": 297, "fields": {"source": 224, "destination": 226, "one_way": false, "accessible": false, "weight": 1, "path": "SRID=3857;LINESTRING (1722055.576404789 5955177.772547134, 1722042.207220081 5955155.110307727)", "door": null}}, {"model": "geo.edge", "pk": 298, "fields": {"source": 226, "destination": 227, "one_way": false, "accessible": false, "weight": 1, "path": "SRID=3857;LINESTRING (1722042.207220081 5955155.110307727, 1722011.881805674 5955170.38664051)", "door": null}}, {"model": "geo.edge", "pk": 299, "fields": {"source": 218, "destination": 228, "one_way": false, "accessible": false, "weight": 1, "path": "SRID=3857;LINESTRING (1722093.020470619 5955157.173064597, 1722074.439819667 5955167.341816653)", "door": null}}, {"model": "geo.edge", "pk": 302, "fields": {"source": 228, "destination": 221, "one_way": false, "accessible": false, "weight": 1, "path": "SRID=3857;LINESTRING (1722074.439819667 5955167.341816653, 1722078.990032395 5955176.984740323)", "door": null}}, {"model": "geo.edge", "pk": 304, "fields": {"source": 174, "destination": 230, "one_way": false, "accessible": false, "weight": 1, "path": "SRID=3857;LINESTRING (1722175.705214511 5955264.542895994, 1722179.512830369 5955272.166741678)", "door": null}}, {"model": "geo.edge", "pk": 309, "fields": {"source": 159, "destination": 160, "one_way": false, "accessible": false, "weight": 1, "path": "SRID=3857;LINESTRING (1722177.168621834 5955235.830294122, 1722164.615561427 5955242.450842024)", "door": null}}, {"model": "geo.room", "pk": 1, "fields": {"layout": "SRID=3857;POLYGON ((1722195.294385298 5955266.126823761, 1722204.811691066 5955261.349509493, 1722202.12445179 5955255.975030941, 1722192.607146022 5955260.90163628, 1722195.294385298 5955266.126823761, 1722195.294385298 5955266.126823761, 1722195.294385298 5955266.126823761, 1722195.294385298 5955266.126823761))", "virtual": false, "category": null, "name": null, "campusonline": null}}, {"model": "geo.room", "pk": 2, "fields": {"layout": "SRID=3857;POLYGON ((1722192.607146022 5955260.789667975, 1722195.294385298 5955259.40872557, 1722165.398848356 5955200.401429811, 1722162.711609081 5955201.782372216, 1722192.607146022 5955260.789667975))", "virtual": false, "category": null, "name": null, "campusonline": null}}, {"model": "geo.room", "pk": 4, "fields": {"layout": "SRID=3857;POLYGON ((1722192.943050932 5955254.85534791, 1722199.810440192 5955251.42165328, 1722198.018947341 5955247.764022043, 1722191.226203617 5955251.123071138, 1722192.943050932 5955254.85534791))", "virtual": false, "category": null, "name": null, "campusonline": null}}, {"model": "geo.room", "pk": 5, "fields": {"layout": "SRID=3857;POLYGON ((1722191.188880849 5955251.197716672, 1722197.944301806 5955247.726699274, 1722195.667612975 5955243.322612683, 1722188.912192018 5955246.718984546, 1722191.188880849 5955251.197716672))", "virtual": false, "category": null, "name": null, "campusonline": null}}, {"model": "geo.room", "pk": 6, "fields": {"layout": "SRID=3857;POLYGON ((1722188.912192018 5955246.756307315, 1722195.704935743 5955243.285289917, 1722193.390924144 5955238.694589488, 1722187.941800057 5955241.419151532, 1722189.136128624 5955243.807808666, 1722187.643217916 5955244.516941252, 1722188.912192018 5955246.756307315))", "virtual": false, "category": null, "name": null, "campusonline": null}}, {"model": "geo.room", "pk": 181, "fields": {"layout": "SRID=3857;POLYGON ((1722195.294385298 5955266.126823761, 1722204.811691066 5955261.349509493, 1722202.12445179 5955255.975030941, 1722192.607146022 5955260.90163628, 1722195.294385298 5955266.126823761, 1722195.294385298 5955266.126823761, 1722195.294385298 5955266.126823761, 1722195.294385298 5955266.126823761))", "virtual": false, "category": null, "name": null, "campusonline": null}}, {"model": "geo.room", "pk": 182, "fields": {"layout": "SRID=3857;POLYGON ((1722192.607146022 5955260.789667975, 1722195.294385298 5955259.40872557, 1722165.398848356 5955200.401429811, 1722162.711609081 5955201.782372216, 1722192.607146022 5955260.789667975))", "virtual": false, "category": null, "name": null, "campusonline": null}}, {"model": "geo.room", "pk": 183, "fields": {"layout": "SRID=3857;POLYGON ((1722192.943050932 5955254.85534791, 1722199.810440192 5955251.42165328, 1722198.018947341 5955247.764022043, 1722191.226203617 5955251.123071138, 1722192.943050932 5955254.85534791))", "virtual": false, "category": null, "name": null, "campusonline": null}}, {"model": "geo.room", "pk": 184, "fields": {"layout": "SRID=3857;POLYGON ((1722191.188880849 5955251.197716672, 1722197.944301806 5955247.726699274, 1722195.667612975 5955243.322612683, 1722188.912192018 5955246.718984546, 1722191.188880849 5955251.197716672))", "virtual": false, "category": null, "name": null, "campusonline": null}}, {"model": "geo.room", "pk": 185, "fields": {"layout": "SRID=3857;POLYGON ((1722188.912192018 5955246.756307315, 1722195.704935743 5955243.285289917, 1722193.390924144 5955238.694589488, 1722187.941800057 5955241.419151532, 1722189.136128624 5955243.807808666, 1722187.643217916 5955244.516941252, 1722188.912192018 5955246.756307315))", "virtual": false, "category": null, "name": null, "campusonline": null}}]